cluster_id,firing_rate,presence_ratio,isi_viol,num_viol,amplitude_cutoff,isolation_distance,contam_rate,l_ratio,d_prime,nn_hit_rate,nn_miss_rate,silhouette_score,max_drift,cumulative_drift,epoch_name_quality_metrics,epoch_name_waveform_metrics,peak_channel,snr,duration,halfwidth,PT_ratio,repolarization_slope,recovery_slope,amplitude,spread,velocity_above,velocity_below
0,3.023400233722668,0.99,1.0,47.0,0.5,53.830140485970574,11.166154547189912,0.0005642091598170442,5.383878747947811,0.9897292250233427,0.00024197172387569566,0.17494861068120834,7.64,62.24,complete_session,complete_session,0,1.6902915495680038,0.7142378559463987,0.2472361809045226,0.3084361325572667,0.3094070210182622,-0.030680395451121,136.02584328694908,45.0,0.9156895589056404,
1,3.622128015965374,0.99,1.0,254.0,0.5,78.60815631034008,60.321348174490375,0.0006772936376674317,4.970276446583836,0.9815837937384899,0.00010184336490477646,0.1477646454883683,21.82,63.97,complete_session,complete_session,0,0.9704442463782976,0.7829145728643216,0.4395309882747069,1.8699969290168128,0.1422650714779065,-0.0136646344704722,86.27352507218072,225.0,0.7971885571649093,
2,14.854838930628414,0.99,0.009278449394814536,17.0,0.007267775342498996,142.82468073714202,1.5226268638212022,1.3080242085532543e-08,-9.307072673359839,1.0,0.00012354830738818879,0.4235801378177975,1.82,15.62,complete_session,complete_session,1,6.899777205952154,0.9614740368509213,0.1373534338358459,0.1302930667657944,1.6587005996066462,-0.0430772258651778,549.3652832520021,30.0,0.9156895589056404,
4,46.234652184457,0.99,0.004710953943964646,84.0,0.08343055992948756,178.5578945827112,2.772659627460663,7.43978227042168e-05,6.085697207044816,0.998,0.007575757575757576,0.10031900218857515,3.33,28.58,complete_session,complete_session,2,1.6484213495331412,0.3021775544388609,0.1510887772194304,0.3589109537520524,0.5348439551625587,-0.0611800955052182,120.95383440360143,60.0,0.274706867671692,0.0
5,5.684412599245804,0.99,1.0,70.0,0.5,114.94892476075385,16.378845695763257,0.001331863925551488,-5.711000098594395,0.9813333333333333,0.0034169033798526205,0.07178300740187327,3.73,41.32,complete_session,complete_session,3,1.7924147600526392,0.7691792294807371,0.2609715242881072,0.424606675807297,0.2753471413422831,-0.0326949868867528,137.2161865234375,60.0,1.8313791178112797,0.9156895589056367
6,1.6911433849311508,0.99,1.0,7.0,0.5,42.68996542561443,3.235059760956175,0.010257972136484892,-4.15534214256432,0.6798941798941799,0.0009790020930389575,0.07178300740187327,5.49,50.84,complete_session,complete_session,5,1.7000018047153085,0.6180904522613064,0.2472361809045226,0.3642605206392426,0.3487499621160774,-0.0423362132802163,144.57149782042575,90.0,0.7325516471245123,0.4578447794528184
7,0.7077067426070577,0.96,0.0,0.0,0.01222884049063264,136.3279121848695,0.0,4.477895127146372e-09,11.868202545447081,0.9807692307692307,0.00010052271813429835,0.30418457666448906,3.8,34.24,complete_session,complete_session,5,2.4086166854549416,0.700502512562814,0.2060301507537689,0.2487591290134485,0.7186144750568015,-0.0634127731983839,231.45734600732,75.0,0.5494137353433831,0.4578447794528201
8,0.015318327762057526,0.29,0.0,0.0,0.5,30456983919294.996,1.0,,4.168041910490253,,0.0,,,0.0,complete_session,complete_session,7,1.4040671026472311,0.6043551088777219,0.2884422110552764,0.4044602844331071,0.2198802486540629,-0.0119498724317596,104.23932756696428,225.0,1.604972358741203,0.2747068676716921
9,4.833151242182893,0.99,1.0,104.0,0.5,59.75285614865805,32.314221907698034,0.008688530735257096,3.615993498218088,0.9008674101610905,0.001986777652176892,0.07287067303010585,4.99,55.0,complete_session,complete_session,6,1.2370828475598064,0.631825795644891,0.3571189279731994,0.4097203076548146,0.2358384190510964,-0.0247686587849009,105.74042602936686,180.0,0.6271086070081047,0.9156895589056392
10,0.28929756144914354,0.96,1.0,1.0,0.5,34.79347863080352,1.3860348081358778,0.013496202011686291,3.9230065758278903,0.14583333333333334,0.0006009615384615385,0.06019693349792352,14.74,108.06,complete_session,complete_session,6,1.7327669672480714,0.3159128978224455,0.164824120603015,0.2884240870063181,0.6367841528789138,-0.0524674596956895,146.30662511228252,150.0,0.2398234559038582,-0.274706867671692
11,0.31949655046577125,0.99,0.0,0.0,0.5,41.11425379359601,2.423638778220451,0.008192966447314485,4.485959924260529,0.16666666666666666,0.00030048076923076925,0.04440019003716161,8.08,73.26,complete_session,complete_session,9,2.291560164554581,0.7417085427135679,0.164824120603015,0.1850930750346706,0.6767000948673596,-0.0333497958742996,188.76062680597173,75.0,0.0,-1.3735343383584602
12,12.80480900955763,0.99,0.02233042194397805,30.0,0.02951768143304461,109.54864699975722,5.254953063113281,0.00025383094931358453,5.3575399476961,0.9886666666666667,0.0005148366563699335,0.1127733688551965,1.76,15.98,complete_session,complete_session,10,1.999857207694888,0.6180904522613064,0.3159128978224455,0.3192828000442551,0.324664480448301,-0.02709065427424,150.81890293809235,150.0,0.3139507059105052,0.9418521177315144
13,0.11291795893173834,0.95,0.0,0.0,0.5,39.020675310026455,0.0,0.0044846440032758625,3.0471393005594485,0.0,0.00013340003335000835,-0.011092911700703102,4.44,4.44,complete_session,complete_session,10,1.7523694142716728,0.6455611390284758,0.3296482412060301,0.3183736331770783,0.3250468941163674,-0.0067655436240896,146.02897703185562,165.0,0.5777565074047486,0.6409826912339471
14,1.1042325983906038,0.99,1.0,6.0,0.5,53.97421349442953,5.743881616391576,0.004593611634571491,3.830589369331115,0.35714285714285715,0.0021788683293108074,0.022345010392171842,8.28,88.74,complete_session,complete_session,7,1.480980873605806,0.7417085427135679,0.3983249581239531,0.4157981686621345,0.1881532862336877,-0.0391436732355681,120.1117081250929,165.0,0.8851665736087849,0.3662758235622561
15,0.015755994269544882,0.32,0.0,0.0,0.5,53756805614424.01,1.0,,4.709937531205311,0.0,0.0,,,0.0,complete_session,complete_session,11,1.7034622293252657,0.5631490787269682,0.1785594639865997,0.2898941206165009,0.7218671167837776,-0.0487989657003308,190.20504421657984,210.0,4.145576366681895,-7.090053441812236
16,14.388724100154377,0.99,0.0005766601340435606,1.0,0.004186487447854997,132.31547386423642,0.0692045965610519,2.9996100355606355e-05,6.620344923426544,1.0,0.0,0.32110857343485033,6.85,64.95,complete_session,complete_session,12,7.583872101658768,0.3021775544388609,0.0824120603015075,2.963825420871184,2.078832631268116,-0.3598328218194894,586.4509727914211,30.0,0.0,0.9156895589056404
18,15.035157531713205,0.99,0.005306507029827656,10.0,0.008023363098927993,200.35581053033607,5.9031125165277345,2.601172258250777e-13,11.511825968015781,1.0,0.0,0.4088462310259705,1.25,6.48,complete_session,complete_session,13,8.12213369061982,0.6180904522613064,0.2472361809045225,0.2489961951830185,1.370844369842229,-0.0991382887180718,619.3025049027018,75.0,0.5494137353433841,0.0
20,16.252308089035548,0.99,0.0036270366668215703,8.0,0.020395146642996378,137.66270653389637,1.350242794228975,3.349432306388917e-05,5.966215033134358,0.9986666666666667,0.0017234206929339752,0.08142971892784855,1.55,14.18,complete_session,complete_session,14,3.4393433956794577,0.5356783919597989,0.2472361809045225,0.3842340880311703,0.5679359629157803,-0.0494299541709504,250.42980482729425,105.0,0.4578447794528202,-0.274706867671692
21,0.5151334793126202,0.99,0.0,0.0,0.11271172091427141,31.52762477012537,1.590765005373601,0.039026494973451495,3.165985099298453,0.18666666666666668,0.0002005012531328321,0.08142971892784855,11.54,107.08,complete_session,complete_session,14,2.9862960777406324,0.6592964824120602,0.2609715242881072,0.2439241674357082,0.6035008867089445,-0.0306266481863385,257.9745695829796,120.0,0.7848767647762624,0.0
22,25.66213800001374,0.99,0.00181517018291949,10.0,0.00353672207621868,232.34966183869943,1.0799318148294694,3.084487453222064e-08,9.77622833935567,0.9993333333333333,9.911785112498761e-05,0.23581762044673119,1.03,7.07,complete_session,complete_session,14,6.857264876042927,0.5906197654941373,0.2884422110552763,0.2804273698093677,1.069455386869802,-0.0811089625562445,466.9396690199793,90.0,0.4578447794528202,9.411477191714448e-18
24,0.5287011410447283,0.99,0.0,0.0,0.5,50.026908668733945,1.081565435010859,0.002832555050925652,3.589903769680043,0.19696969696969696,0.0005679160820471704,0.0007413824188579875,8.34,82.62,complete_session,complete_session,17,2.092534572468388,0.5768844221105527,0.2609715242881072,0.3426712285193284,0.3536404528433923,-0.0039552071252678,149.63465810611547,105.0,0.7848767647762627,0.0
25,0.06346164358566689,0.7,0.0,0.0,0.5,58.37723099155403,0.0,0.00016009827767042703,4.9316621863499055,0.0,0.0,,,0.0,complete_session,complete_session,17,1.99297596137322,0.5906197654941374,0.2609715242881072,0.2718739007583785,0.4016367339948631,-0.0108060968928719,165.59469288793105,60.0,0.4578447794528201,-1.3735343383584602
26,6.633711253985883,0.99,0.0,0.0,0.005954133411064987,151.7229106259796,0.3550751911991392,3.966433497740812e-05,5.871938917849804,0.994232987312572,0.0005492053684824769,0.00586176623430823,1.63,16.35,complete_session,complete_session,16,2.604695428822167,0.7005025125628142,0.2884422110552763,0.311580411621872,0.4030896933447444,-0.0465668882685728,187.2951974345662,120.0,2.2499800590252854,0.5494137353433831
27,5.136454131871632,0.99,0.0,0.0,0.005519044131171138,104.21100797777996,0.31467879495585954,3.607139894575351e-05,6.772122409533128,0.9973226238286479,0.0003076607527433084,0.14617128839424873,1.58,13.0,complete_session,complete_session,19,3.731371583199006,0.7279731993299832,0.2472361809045225,0.2973889323417464,0.624158079462192,-0.0395601252826437,274.5138843122923,90.0,2.1976549413735342,0.0
28,5.780699230893023,0.99,0.02190397811712924,6.0,0.1886339685356734,103.70230200535416,1.8105214923055382,0.0007277922511442045,5.20946832976035,0.9703196347031964,0.0010644142288147233,0.08013544593547074,2.63,28.11,complete_session,complete_session,20,1.860837867469625,0.7554438860971523,0.3296482412060302,0.3009536929912881,0.2512404491976477,-0.028393359551713,133.73019331592624,135.0,0.6802265294727609,0.4578447794528202
29,10.667683453496862,0.99,0.00421179046968323,4.0,0.0019274926545520407,134.76551852179486,6.853884038124892,1.9784986873379649e-07,8.127864415329954,0.998,3.6078940722300394e-05,0.35063090204362096,1.32,5.98,complete_session,complete_session,21,6.249202629237683,0.6592964824120604,0.2609715242881072,0.2509382571955703,1.0268489881356502,-0.0766432851401899,457.363030849359,60.0,1.3735343383584586,0.0
31,13.156255215069978,0.99,0.01825680836366461,26.0,0.0010781702920692532,110.47593349842637,4.258640512956509,0.0004986882538731114,6.068912806767809,0.9913333333333333,0.000991258898801478,0.11508629819679828,0.74,6.49,complete_session,complete_session,21,5.568287398211616,0.604355108877722,0.2609715242881072,0.302788620729311,0.8824418999065932,-0.1015881810157336,414.3917437681218,90.0,0.3662758235622561,0.3662758235622546
32,4.033972199510978,0.99,0.15646516727642773,18.0,0.089247860866733,73.64597315664714,8.51599448316492,0.0014842510347849538,3.6981152977452867,0.9222797927461139,0.00040787192821454063,0.11508629819679828,2.38,29.74,complete_session,complete_session,21,2.7164206118463534,0.6730318257956449,0.3159128978224456,0.3042308742970231,0.3447122823161261,-0.0258854661882909,194.6281714449736,120.0,0.6409826912339481,-0.9156895589056396
33,0.13436361779861886,0.89,1.0,1.0,0.5,37.69533676194864,4.892430278884461,0.007710545319813887,3.11113103233889,0.05555555555555555,3.335334534053766e-05,0.08636088131166064,7.98,8.8,complete_session,complete_session,22,1.7520488031358803,0.9202680067001674,0.3571189279731993,0.3409900235566548,0.3485051970996863,-0.0401967965294446,151.9815152941775,195.0,1.4716439339554916,0.22892238972641
34,7.335728331995606,0.99,0.0,0.0,0.0008648663964584467,152.28644104486278,0.0,2.1496481248312793e-07,9.617171065912213,0.9980676328502416,0.00010357327809425168,0.22163253858181425,0.49,5.33,complete_session,complete_session,22,4.356624465669088,0.8241206030150753,0.1373534338358458,0.1505060378963824,0.9929588780992152,-0.0333095210396066,304.5312289533944,60.0,0.45784477945282,0.4578447794528184
35,17.803398191570743,0.99,0.058368717850206975,146.0,0.058603837445683545,118.6407486695275,15.17267173068069,5.8076834205258966e-05,2.6368393173130897,0.996,0.0011655011655011655,0.13499346443331078,1.14,12.46,complete_session,complete_session,23,2.666639846820154,0.5631490787269682,0.2884422110552763,0.2818287318883889,0.4895269152886729,-0.0138856442718524,200.6807356082421,120.0,0.4578447794528202,-0.183137911781128
36,0.009190996657234515,0.19,0.0,0.0,0.5,86720587092120.02,1.0,,5.753811930416212,,0.0,,,0.0,complete_session,complete_session,25,1.4514719395472608,2.019095477386935,0.1510887772194304,0.2583806785360031,0.4562709454136217,-0.1620095743435633,121.77966889880952,225.0,-1.2361809045226126,-9.462125442024938
37,1.8959713104352343,0.99,0.07149866392389609,2.0,0.007853942145788221,56.41811955148669,1.7670567729083664,0.006486137992794211,5.707329479456148,0.9134615384615384,0.00013473457289140393,0.21376140549061834,1.25,9.09,complete_session,complete_session,25,7.8490719011552335,0.7554438860971523,0.2060301507537688,0.2373535303073906,1.4447253168586065,-0.110915163164239,537.0028978675568,45.0,0.9156895589056384,0.0
38,0.11510629146917511,0.86,0.0,0.0,0.5,44.451168499353344,0.0,0.003489273712563888,2.8267466049681667,0.0,0.00013341338136215063,0.08177437410130015,3.77,3.55,complete_session,complete_session,25,2.08374022290024,1.1400335008375209,0.2884422110552764,0.1975974597740008,0.361922641600255,-0.0119436890998828,170.86072566391397,105.0,0.5494137353433834,-1.7398101619207145
39,0.11466862496168777,0.94,0.0,0.0,0.5,48.767275297681635,0.0,0.0027352814177990575,3.3496082407017598,0.16666666666666666,0.0,0.02627605482157831,8.23,0.0,complete_session,complete_session,25,1.868149744808021,0.8515912897822444,0.3021775544388609,0.2595234371967665,0.3727647865105327,-0.026599787930936,158.77585374671995,135.0,1.4651032942490232,0.2616255882587543
40,0.13086228573872,0.96,1.0,1.0,0.5,37.88561014580696,7.941567065073041,0.0117295451850056,2.6529908226526597,0.09523809523809523,0.0,,6.95,0.0,complete_session,complete_session,25,2.1580240136456506,0.9614740368509213,0.3296482412060301,0.3014103455590861,0.3757848180521089,-0.0418339642295753,193.7560014501463,150.0,0.5559543750498527,0.7325516471245112
41,4.59681132813972,0.99,0.0,0.0,0.000835776344550902,248.4813895158766,0.0,4.033147172258991e-15,14.061946528675492,0.99581589958159,0.00010244851961889151,0.3898695805501797,2.83,13.81,complete_session,complete_session,28,6.434184556875084,0.7142378559463987,0.2747068676716918,0.6309043390973011,0.6120291296126579,-0.1273951500513393,437.8265860193063,30.0,0.0,0.9156895589056367
42,0.83156636422598,0.99,1.0,3.0,0.5,52.20320328737936,7.385093771256438,0.003943060571763894,3.72662615849749,0.427536231884058,0.0017748308887549395,0.014261679077918485,6.96,67.1,complete_session,complete_session,28,1.7768758699207745,0.5906197654941374,0.2472361809045225,0.2615641214992784,0.4829173560606109,-0.004386442470845,143.5193513569079,165.0,1.1773151471643932,0.078487676477626
43,0.8740200154522537,0.99,0.0,0.0,0.003910530687504559,129.16854172532743,0.0,9.410215246909783e-08,9.785739204013863,0.9841269841269841,0.0001004217714400482,0.23396570873743694,2.62,18.14,complete_session,complete_session,30,3.68860914955991,0.6455611390284757,0.1922948073701842,0.2660764106694272,0.8028729406182573,-0.069714268186084,263.42565710241496,60.0,0.9156895589056404,0.4578447794528184
44,0.007002664119797726,0.16,0.0,0.0,0.5,10497323674143.998,1.0,,4.746493547471723,,0.0,,,0.0,complete_session,complete_session,29,1.481835402278336,0.7142378559463987,0.3021775544388609,0.3693863606209665,0.2714600865019832,-0.1199342151498466,162.1246337890625,225.0,1.3190290074712188,2.228177926670389
45,3.5175257206758954,0.99,0.0097384424720377,1.0,0.010777290846324011,103.87870203753629,0.3063106596243632,1.625389296462271e-05,6.545699186903558,0.9903100775193798,0.0002035002035002035,0.17939743996841184,1.65,13.28,complete_session,complete_session,30,2.680414553636303,0.7829145728643215,0.233500837520938,0.3368790734082997,0.3910834290470262,-0.0435074833858165,180.83032007847493,90.0,1.6482412060301517,-0.6409826912339482
46,0.23371391499824912,0.99,0.0,0.0,0.5,42.685761575871375,0.0,0.0052294727030358975,3.265126708823751,0.09090909090909091,0.0001668502018887443,-0.05246457670181137,13.44,74.39,complete_session,complete_session,30,2.058204023791864,0.3021775544388609,0.1922948073701842,0.3448219479190864,0.7012149813057286,-0.0780168992887434,160.07727005062034,195.0,0.7630746324213663,0.3597351838557868
47,6.941828475256983,0.99,0.01508406219762859,6.0,1.6315649833621682e-05,81.83355644113671,1.5457265876107253,0.0011759338493245563,6.647598129982735,0.9882352941176471,0.0003450655624568668,0.17597466181816493,0.74,7.33,complete_session,complete_session,31,3.999122621984635,0.7005025125628142,0.2609715242881072,0.2833131817366529,0.6490600283859073,-0.0543404730531625,300.4581697525517,105.0,0.7325516471245123,0.0
48,0.18950959774202597,0.94,0.0,0.0,0.5,38.68973546117652,0.0,0.006959381687743285,2.772325903924846,0.0,0.00020018016214593134,-0.03660502651723733,9.62,24.66,complete_session,complete_session,31,1.646935825651802,1.0576214405360134,0.3571189279731993,0.4569174745869764,0.2260486251505127,-0.0313316518306254,131.70308384003317,225.0,3.4643588311930023,0.6976682353566774
49,1.5611564322074056,0.99,0.0,0.0,0.004871299081380731,107.71643763608274,0.0,7.958786162483732e-07,7.681477858385761,1.0,0.00010096930533117933,0.23311764090100934,2.64,21.62,complete_session,complete_session,32,3.105473467373544,0.9202680067001676,0.2609715242881072,0.2572557852822882,0.5284149070876617,-0.0515649161804845,217.4882076246321,90.0,0.0,1.3735343383584586
50,3.2575518152284046,0.99,0.0,0.0,0.0010035199145870903,338.29943485270286,0.0,0.0,15.888962382952364,0.987012987012987,0.00010156408693885842,0.3434711421723912,0.6,4.54,complete_session,complete_session,33,7.872340587119224,0.8653266331658291,0.1236180904522612,0.1187071121971423,1.4783049169859088,-0.0370944331236663,497.61435143033367,60.0,1.3735343383584602,-0.45784477945282
51,0.8998423393940078,0.99,0.0,0.0,0.00012586698541394476,146.93154609488164,0.0,1.1857565093826376e-10,8.051804689232394,0.9047619047619048,0.0001004217714400482,0.30400793124812003,2.18,13.18,complete_session,complete_session,33,5.6120830752957565,0.6730318257956448,0.164824120603015,0.2760121136880237,1.0025271063365295,-0.1080233291886968,421.5084776586416,60.0,0.45784477945282,-0.45784477945282
52,5.363165382750084,0.99,0.28382270972417173,49.0,0.5,98.10084909773072,6.764819904563592,0.00015311698487576692,3.5280012726184484,0.9686274509803922,0.0003078501795792714,0.09761070302518646,2.53,23.49,complete_session,complete_session,33,2.301726176121861,0.7554438860971525,0.2884422110552764,0.325124393324939,0.2904650164648612,-0.0441659561006428,152.98756410309517,90.0,0.6409826912339482,-1.1903964265773312
53,16.708356589837376,0.99,0.023190631170157627,53.0,0.01977756629519146,132.9856494822256,4.142695622395001,1.1858803660661484e-05,5.1830129233011695,0.9986666666666667,0.0009119095385737735,0.1179682738212209,1.56,15.04,complete_session,complete_session,33,3.573126497345952,0.233500837520938,0.1373534338358458,0.3050410253737083,1.122643625558016,-0.1599499005059426,260.86606579976376,105.0,0.2616255882587543,0.0
54,12.846387327768928,0.99,0.16873939763755652,194.0,0.000820546313137757,89.73228297761352,14.373563871620314,0.002262261967131448,4.914464978316115,0.976,0.0011927836588638736,0.09546172513027673,1.57,14.03,complete_session,complete_session,34,3.0536146929425083,0.2197654941373534,0.1510887772194304,0.2722587456397295,1.2029316274616644,-0.1135682039195605,267.57665990687246,210.0,0.3706362500332353,-1.059942023664747
55,1.2110232262175193,0.99,0.0,0.0,0.001900535786776701,86.18614466146988,0.0,5.9619760665748366e-05,7.94966199978845,0.8717948717948718,0.00010065425264217414,0.19700227616214322,3.4,24.78,complete_session,complete_session,34,3.871180580202045,0.7966499162479062,0.2060301507537688,0.2364093971462486,0.6232220159358463,-0.0538424939944925,267.8248115117992,60.0,0.4578447794528184,-1.8313791178112784
56,5.459452014397302,0.99,0.12328862297150789,27.0,0.17053473939852254,93.96541548002922,4.538558096381597,0.0013855783095527744,4.362046009298778,0.937641723356009,0.004189848203860155,0.05036238290679599,1.8,22.31,complete_session,complete_session,34,2.1991584752095656,0.6730318257956448,0.2472361809045226,0.3086136647809587,0.3958822601229789,-0.0319179063691449,143.9054807027181,105.0,1.098827470686767,0.6409826912339482
57,10.694818776961077,0.99,0.11424138991966115,97.0,0.5,87.29870607454299,14.088556216375217,0.001789776329435698,3.2516253043802132,0.9633333333333334,0.0035960933349679213,0.08010552730892019,3.02,32.25,complete_session,complete_session,34,1.950629149252958,0.2609715242881072,0.1510887772194304,0.3407707364471766,0.6610491085736164,-0.0996031899050583,146.2675067300933,150.0,0.5559543750498528,0.1831379117811273
58,1.6731990581241691,0.99,0.0,0.0,6.76909552736299e-05,196.16899406266757,0.0,4.2501332713536066e-11,12.491781282094609,0.9759036144578314,0.00010083694665725522,0.2728684920876545,1.38,12.44,complete_session,complete_session,35,5.720119111997315,0.8653266331658291,0.1510887772194304,0.1754396126215573,0.9786533189363998,-0.0697730522311107,380.578300444152,45.0,0.4578447794528201,0.9156895589056367
59,1.3825884971525635,0.99,0.06689565261368924,1.0,0.0027938150189541575,34.8578612140692,0.5095407842314952,0.05867322926014284,3.04126483792955,0.13131313131313133,0.0009059794644654722,0.02251075116702691,5.61,49.13,complete_session,complete_session,35,2.8381030333083226,0.5768844221105526,0.1922948073701842,0.2401726235700149,0.7772839205604455,-0.0373460937382279,225.8049687252769,150.0,1.7659727207465905,0.0
60,3.2890638037674944,0.99,0.20922116221383408,15.0,0.10476222022060121,67.35754912812044,2.936217129642631,0.002617304269506434,4.786667729965684,0.9249448123620309,0.0006091989034419738,0.1095752282042484,2.99,29.8,complete_session,complete_session,36,2.2102647726151354,0.5906197654941373,0.1785594639865997,0.2844984626748755,0.4673260396258918,-0.0275242271211103,152.29164285862697,105.0,1.373534338358459,0.0
61,0.9786223107417322,0.99,0.0,0.0,0.004785204088345885,110.52604537693627,0.16871906314137392,1.0510295143752885e-07,9.144990859561217,0.9710144927536232,0.00010046212577858148,0.3118671598855416,2.4,23.29,complete_session,complete_session,37,5.089635681873991,0.535678391959799,0.1373534338358459,0.2372269612597126,1.3435559454400166,-0.1310459443508934,369.8507518614904,60.0,1.3735343383584586,0.4578447794528201
62,30.829666453916975,0.99,0.008738506000166013,69.0,0.025876426193228462,143.629953318636,4.7579914681251365,0.0012877669506237122,5.489713509421998,0.992,0.005929543076386466,0.09127273698011094,1.31,11.31,complete_session,complete_session,37,2.6479159073738496,0.3296482412060302,0.1510887772194304,0.2935469093078039,0.8443664462678171,-0.1254227403567919,197.43152015278827,105.0,2.655499720826355,0.0
63,3.2562388157059425,0.99,0.011382911927082406,1.0,0.0016132557580969713,124.16938563305045,0.13939070897224648,6.815962603091978e-07,8.042118474889557,1.0,0.00010157440325038091,0.2002008504876864,1.0,8.71,complete_session,complete_session,37,4.765696226344708,0.7279731993299832,0.1785594639865997,0.2580185296402614,0.7413417702772547,-0.0895122518011507,330.5406467888945,45.0,0.45784477945282,0.0
64,0.04420431725622315,0.66,0.0,0.0,0.5,63.111535229641156,0.0,6.080814140965509e-05,5.020804902982093,0.3333333333333333,0.0,,,0.0,complete_session,complete_session,39,2.144394283828273,0.631825795644891,0.2747068676716918,0.4307725692896096,0.2695520349433016,-0.0340335432595606,165.17261467357673,210.0,2.8996836032011912,0.4578447794528194
65,2.4220464524350387,0.99,1.0,32.0,0.5,69.33961586678008,8.618546425527457,0.0013854582464242699,3.3214491346889017,0.9429429429429429,0.0011460545387130482,0.0925843451245712,3.89,40.56,complete_session,complete_session,38,1.7769187429560176,0.6867671691792293,0.233500837520938,0.3479883541062158,0.2921342153039558,-0.0577144928434289,124.231836519417,120.0,2.4331179708064123,0.3662758235622561
66,3.1787718438806802,0.99,0.0,0.0,0.0007843425453266602,164.3166263637331,0.22004756638843861,3.7375179774623117e-10,10.062958685919922,1.0,0.00010165700925078785,0.26469148726116337,0.95,8.14,complete_session,complete_session,39,5.13485639538769,0.7417085427135678,0.2060301507537689,0.2733620607219156,0.8690902806185709,-0.0932916620654254,344.2260137213484,60.0,2.2892238972640966,0.0
67,1.164192909916372,0.97,0.0,0.0,9.728666241018491e-05,133.4484111189728,0.0,1.9144404287930146e-06,10.364123802367084,0.9836065573770492,0.00010061374383740819,0.20723575966111513,1.84,21.2,complete_session,complete_session,38,5.101635017219941,0.7142378559463987,0.1922948073701842,0.3480778535591936,0.6001385608616404,-0.0950187081967224,335.0534191798196,60.0,0.4578447794528184,-18.313791178112783
68,10.777975413383675,0.99,0.13263413356028864,112.0,0.5,97.91093303777784,18.74520311851617,0.00035424175644060843,4.7236994423022365,0.9933065595716198,0.003578194064407493,0.09757365585716633,3.19,38.8,complete_session,complete_session,41,2.106773384724863,0.233500837520938,0.1510887772194304,0.2547381950488482,0.5978061234366832,-0.1404711987263901,133.6002930182714,150.0,1.0792055515673606,-0.5494137353433831
69,3.844900268276439,0.99,1.0,128.0,0.5,54.08144159909453,56.18918918918919,0.01796974571209476,2.6020098225833643,0.725177304964539,0.0016986003533088735,0.0250896117734665,4.75,49.6,complete_session,complete_session,41,1.4273171178138515,0.9889447236180904,0.2472361809045225,0.2717762692856286,0.3790911487396668,-0.0255333194105632,113.90756316170356,225.0,0.7521735662439182,0.4883677647496742
70,0.10328929576701645,0.88,0.0,0.0,0.5,52.614527489003144,0.0,0.0005541424268518105,4.332218023360137,0.0,0.00040020010005002504,0.05557892540266547,2.05,0.0,complete_session,complete_session,41,2.303335258267144,0.7554438860971525,0.2472361809045226,0.2799611950501658,0.468069680003138,-0.0466600550282891,176.14202984308793,120.0,1.1903964265773312,0.4578447794528191
71,0.053395313913457663,0.69,0.0,0.0,0.5,51.741606368729535,0.0,0.00032541477391507216,3.6199571906479595,0.0,0.0,,,0.0,complete_session,complete_session,42,2.329322924455328,0.7005025125628142,0.2472361809045226,0.2997461743733107,0.4256552635983313,-0.077833597182075,188.1959008388832,120.0,1.1903964265773312,0.3662758235622554
72,4.614317988439214,0.99,1.0,115.0,0.5,53.81953252867574,19.371416386495483,0.022070947796757365,3.4047577111140424,0.8040540540540541,0.0028854080791426216,0.0819839980006247,2.75,20.35,complete_session,complete_session,43,3.47194070687079,0.6867671691792295,0.1922948073701842,0.2594856635592023,0.577099931678086,-0.0729754307071867,234.3465190485695,75.0,1.2819653824678954,0.0
73,21.896893036100003,0.99,0.03427252045226553,133.0,0.017938906453223248,161.16727471058525,8.466927749205281,0.0008069022279378075,6.057470982101281,0.9946666666666667,0.006349206349206349,0.0819839980006247,1.84,9.85,complete_session,complete_session,45,3.862844270308967,0.5631490787269682,0.1785594639865997,0.3989191998971681,0.6431145222714885,-0.0345954734486023,231.59917584496048,60.0,0.45784477945282,0.4578447794528184
74,2.942431929837507,0.99,0.0,0.0,0.0018216948249892356,195.3796390551568,0.0,3.750135439540791e-12,12.41041458216075,0.9878048780487805,0.0001025220422390814,0.40529098360141663,2.18,13.84,complete_session,complete_session,44,7.909028792535103,0.7279731993299831,0.1922948073701842,0.1995169730310772,1.0281669452473483,-0.0719969169887128,416.3799623296859,90.0,3.0217755443886105,0.3662758235622546
75,3.8348339386042296,0.99,0.19042122188183425,19.0,0.004017478500931079,97.09481023276068,1.7893384523416118,0.0008705549307174092,6.997831731304672,0.9862258953168044,0.00030744004919040785,0.12215864906753388,2.76,16.73,complete_session,complete_session,45,4.013178804876769,0.6318257956448912,0.1922948073701842,0.3026117631535718,0.7073973744988846,-0.0837223300390534,258.6482241902753,75.0,1.4651032942490223,0.4578447794528201
76,3.2658674788706645,0.99,1.0,41.0,0.5,75.66726400580991,10.18714943818541,0.0011623303941189023,3.2318186092447125,0.9401294498381877,0.0004424477571302158,0.10822155211930691,4.28,45.51,complete_session,complete_session,45,2.2022137151945773,0.6043551088777218,0.2609715242881072,0.3641889523764761,0.3437545990372072,-0.0518022599240732,142.47260548549707,135.0,1.0465023530350164,0.183137911781128
77,2.2426031843652217,0.99,0.30901943559092704,9.0,0.0029167619440365147,71.86432571908969,1.227007821456473,0.00318584142760034,5.124873752445453,0.8805704099821747,0.001494615985597337,0.04367236788953644,1.51,18.32,complete_session,complete_session,46,3.84797536778236,0.6730318257956448,0.2060301507537688,0.3106613974878115,0.6234454118752513,-0.0778922978783816,255.6829876866218,90.0,0.2747068676716921,0.4578447794528194
78,18.864739472227587,0.99,0.03726395156441964,107.0,0.4871611626269847,133.227263817607,8.19539755807899,0.0003013745207494244,5.3489455902889445,0.9966666666666667,0.001887504718761797,0.08912223391087801,2.27,21.11,complete_session,complete_session,46,2.42369962824386,0.233500837520938,0.1510887772194304,0.2435023674188745,0.7186421499555861,-0.0748266555972676,162.80427271006062,210.0,0.3052298529685467,-0.5886575735821973
79,1.8346979993870043,0.99,0.0368018077972313,1.0,0.0031628775100217615,92.34518120198932,0.15025816661379673,0.00011201033315080121,6.8459721987111255,0.9877300613496932,0.0002371996882518383,0.15196808230768755,2.81,22.88,complete_session,complete_session,48,3.495893524321339,0.7279731993299832,0.233500837520938,0.2930543433913162,0.4777476199539341,-0.0413683501362892,221.28244975184373,90.0,0.274706867671691,0.3662758235622561
80,5.276507414267587,0.99,1.0,99.0,0.5,,35.99910185166681,0.0,,,,0.16828460927111677,27.57,23.91,complete_session,complete_session,48,1.4537137523795254,0.8103852596314908,0.3845896147403685,2.153292640735518,0.1768974032986694,-0.0254557654863964,96.32850515431372,225.0,0.8546435883119297,0.7194703677115738
81,2.3205078226979716,0.99,1.0,22.0,0.4728237385898762,62.31465251622144,6.8996376303829905,0.006788851752680602,3.076634329256686,0.7049180327868853,0.004278292757461546,0.05053150630085774,3.19,31.59,complete_session,complete_session,50,2.327355816250329,0.6455611390284757,0.2472361809045226,0.3489240109467821,0.3093459097390195,-0.0435844552260462,145.0957216288709,135.0,0.4578447794528202,0.915689558905639
82,0.06433697660064161,0.76,0.0,0.0,0.5,46.520943407907076,0.0,0.0026982518017081895,2.392360139799694,0.0,0.00010007004903432403,-0.0119728989854534,,0.0,complete_session,complete_session,48,1.7219002056516175,0.6180904522613064,0.2609715242881072,0.3472500557780504,0.3116119187290805,-0.0457672104495689,139.431077606824,165.0,0.6017388529951351,0.4578447794528197
83,3.476822735479571,0.99,1.0,62.0,0.026071182629174253,67.54404152465038,10.783021360591443,0.008871579210695557,5.1793216960026704,0.8072727272727273,0.00572407883461868,0.037409164930313266,2.89,26.3,complete_session,complete_session,51,2.999690170841903,0.6180904522613065,0.2060301507537689,0.2959845622136771,0.5069071901272821,-0.0774964879569968,197.84794833364805,75.0,0.9156895589056404,0.0
84,1.2184635568448043,0.99,0.0,0.0,9.295349210169459e-05,223.78291991611695,0.303880368935218,1.430478565975824e-20,13.613180415353218,0.989501312335958,0.00010128633647320976,0.45647004399065716,1.25,9.44,complete_session,complete_session,52,6.822935809859599,0.6592964824120603,0.1785594639865997,0.2159553510328694,1.410900182487452,-0.101448142303856,518.4946389033877,105.0,1.0072585147962028,0.274706867671692
85,3.4089844268190306,0.99,1.0,111.0,0.5,68.10071776041035,20.64662176311388,0.00481794918954722,3.5655526243677746,0.9529529529529529,0.0015171890624461224,0.10783461873735863,3.51,35.96,complete_session,complete_session,54,2.088384834358552,0.5906197654941373,0.233500837520938,0.3371108405021156,0.3682241777670909,-0.0477698600153611,141.76809322662666,150.0,0.9156895589056396,0.5559543750498523
86,3.461504407717513,0.99,1.0,101.0,0.5,52.43912362125727,41.69941365806783,0.044279192190254286,1.9117952076791809,0.57847533632287,0.010048147372828135,0.050356305493931657,6.6,68.58,complete_session,complete_session,55,1.7316057517389785,1.0301507537688444,0.2472361809045226,0.3512118241503521,0.3115172625482814,-0.0352443623359303,130.21656186804853,225.0,0.7303714338890217,0.6409826912339474
87,1.028516292595291,0.99,0.3437659702961262,2.0,0.005923052255761422,100.50458748761889,1.510088677547873,6.650865223149255e-05,7.929196084080097,0.98989898989899,0.00013511687609782462,0.18867071334447502,1.33,12.39,complete_session,complete_session,55,5.88748379336779,0.5768844221105527,0.1785594639865995,0.2565728148214528,1.1644563171644058,-0.1160568169241534,391.9708485506019,60.0,0.45784477945282,0.4578447794528184
88,4.557859008973345,0.99,1.0,133.0,0.5,71.35378773683132,26.16130538980496,0.01124701398031449,3.1011837635062416,0.8366666666666667,0.0148861646234676,0.050356305493931657,3.95,45.68,complete_session,complete_session,55,2.080595955572698,0.3845896147403685,0.1922948073701842,0.1581750210079565,0.686009282175853,-0.0184383554506303,153.52968177674566,180.0,-0.0327031985323442,0.3401132647363798
89,0.06871364167551519,0.79,0.0,0.0,0.5,45.75381652508184,0.0,0.002203426810907003,3.591521124841396,0.16666666666666666,0.00030024019215372296,,,0.0,complete_session,complete_session,55,2.239524163729034,0.6867671691792294,0.2609715242881072,0.2925021990728481,0.3835964534369946,-0.0373750176493493,165.68420798915207,225.0,1.5152481986652842,0.3815373162106828
90,0.1330506182761568,0.85,0.0,0.0,0.08418937355775027,40.38902778868505,2.906772908366534,0.007062467022438552,4.015910403438172,0.0392156862745098,0.0009683127984239874,0.014782372684561474,3.12,5.8,complete_session,complete_session,55,2.587779254959904,0.7279731993299832,0.1785594639865997,0.2525473917173244,0.5800530681718203,-0.0289317710985823,206.2521482768812,60.0,0.4578447794528184,-0.9156895589056384
91,0.011379329194671304,0.21,0.0,0.0,0.5,61996658701279.99,1.0,,3.854681367809454,0.0,3.333666700003334e-05,0.014143167833439147,,0.0,complete_session,complete_session,55,2.0713997647135995,1.3735343383584588,0.1510887772194304,0.1876050913798273,0.6573760565690437,-0.0881561258025065,179.90699181189905,225.0,1.4934460663103877,-0.6562441838823747
92,3.343334450695927,0.99,1.0,82.0,0.0761394301743347,79.90312700916793,15.183576608670059,0.002110950145981121,5.546198143155408,0.9667541557305337,0.0008663409224798143,0.1179151119252727,2.1,25.13,complete_session,complete_session,56,2.5081319339257537,0.6592964824120603,0.233500837520938,0.2741059504449137,0.4759363514999059,-0.0456093659703697,175.34026300719893,105.0,0.5494137353433836,0.6409826912339482
93,0.053395313913457663,0.71,1.0,1.0,0.5,71.45531312293313,9.721115537848606,5.374805972735906e-05,3.4622498058561146,0.4444444444444444,0.00010006003602161297,,,0.0,complete_session,complete_session,57,2.4709787322227745,0.5219430485762144,0.2197654941373534,0.2944203882321823,0.4691977704641331,-0.0183092419004991,176.8831346855789,195.0,6.71505676530802,0.3793571029751932
94,2.010639935396922,0.99,0.09818602328957676,3.0,0.0033875225844444876,199.03470140691454,4.751685565430586,3.535511973835936e-08,7.389006538348782,0.9957264957264957,0.00010239606799098914,0.24967274142377713,1.53,12.3,complete_session,complete_session,57,6.6444138066689575,0.6318257956448912,0.1785594639865997,0.2324984697107954,1.0634593992624473,-0.1082061829010071,427.66367649746667,60.0,0.4578447794528184,-0.4578447794528184
95,15.759495601604783,0.99,0.010683580419622918,22.0,0.00025438175183174777,265.05863074636926,3.485695789355865,4.3835374035015404e-17,10.775092084553947,1.0,0.00036900369003690036,0.32323015831132984,1.03,9.25,complete_session,complete_session,59,8.988069686938402,0.1922948073701842,0.1098827470686767,0.3082166515521299,2.4944633880576537,-0.4115572401564637,600.9080326777464,75.0,0.274706867671692,0.0
96,1.4451748077232558,0.99,0.21963158323054394,3.0,7.837144821656766e-05,192.80170191693293,4.5544585970366205,4.3888863934896116e-14,10.00751093524903,0.9881796690307328,0.00010143016533116949,0.32300648582790753,0.93,10.19,complete_session,complete_session,59,8.930271837834733,0.6592964824120603,0.1510887772194304,0.2004829122577076,1.6741702422398146,-0.1392626951189901,563.2894668394371,60.0,0.4578447794528201,-0.9156895589056404
97,0.20220192645915933,0.93,0.0,0.0,0.0005601353290283278,43.00374049290224,0.0,0.006619387587850597,4.951617164952777,0.38333333333333336,0.0004008016032064128,,5.73,20.92,complete_session,complete_session,60,2.929963993108034,0.7554438860971523,0.2197654941373534,0.2472716449138867,0.5231134394325856,-0.0398123898171516,197.9827880859375,90.0,0.0,-1.1903964265773312
98,1.1908905668731007,0.99,1.0,9.0,0.2750376896618848,63.027303050396675,4.651766070048166,0.004052626298007961,3.5235249557975883,0.8128654970760234,0.002326522354845236,0.01855130475800521,7.22,68.11,complete_session,complete_session,61,2.3900457701585456,0.631825795644891,0.2472361809045226,0.2693169468078183,0.4216014668542234,-0.0342995203528317,172.856676801957,105.0,-0.4578447794528184,0.3662758235622556
99,2.311754492548224,0.99,1.0,24.0,0.005736503272800778,142.37846137552376,5.121074961084009,3.622074103058886e-06,9.221380751751335,0.9924924924924925,0.00010227040294538761,0.1573264139102217,1.58,15.84,complete_session,complete_session,61,6.37775139611573,0.7005025125628142,0.1922948073701842,0.2375836291997946,1.1415066314318791,-0.0975102856803444,407.6677337542566,60.0,0.4578447794528184,0.45784477945282
100,0.005689664597335652,0.12,0.0,0.0,0.5,37643256535547.99,1.0,,4.200213898510044,,0.0,,,0.0,complete_session,complete_session,62,2.999087935472468,0.8653266331658291,0.1922948073701842,0.279837648946276,0.6959960503082252,-0.1445038870409931,261.86429537259613,225.0,2.1213474781313977,-0.359735183855787
101,1.160691577856473,0.99,1.0,4.0,0.007142435001949351,64.25338004757928,0.5412775128992228,0.0027441819753839278,3.4305759774049362,0.8528528528528528,0.0008426871608184178,0.09057853577068879,3.92,45.27,complete_session,complete_session,63,3.217208891059645,0.7279731993299831,0.2472361809045226,0.2943961608214505,0.4955000430182267,-0.0563507824775173,216.76369921654057,90.0,0.6409826912339478,0.0
102,0.00612733110482301,0.14,0.0,0.0,0.5,43798823934122.0,1.0,,3.8119139585896997,,0.0,-0.034231935761719595,,0.0,complete_session,complete_session,63,3.738796196315027,0.7966499162479062,0.164824120603015,0.1932243202009083,1.044426978802565,-0.1132013356652178,354.5488630022321,165.0,4.840073382786949,1.6220786472042754
103,0.3444435413925506,0.99,1.0,2.0,0.5,60.61679802720503,2.5422633789167652,0.001339373558849245,5.1630054965486885,0.7777777777777778,0.0004013243704223939,,13.32,113.41,complete_session,complete_session,65,1.8540538260751176,0.7142378559463985,0.3296482412060301,0.3555394320573876,0.2571688389825219,-0.0329512429328535,128.59455966585926,150.0,1.4651032942490223,0.1635159926617213
104,4.5582966754808325,0.99,1.0,129.0,0.5,87.69303045545503,23.41750860677109,0.0018064157973045048,2.6595924532005566,0.9343657817109144,0.008343806730903505,0.04268286763158637,4.02,41.25,complete_session,complete_session,65,2.120637721746852,0.6318257956448912,0.2884422110552763,0.2915609099728475,0.2377460461261599,-0.0068001962307243,127.49628632977496,90.0,0.9156895589056392,-0.6409826912339471
105,0.025384657434266756,0.45,0.0,0.0,0.5,203.7951531873248,1.0,1.6432934494384942e-09,5.721760737876951,0.0,0.0,,,0.0,complete_session,complete_session,63,2.5380146712318634,0.7829145728643215,0.233500837520938,0.3464655578289615,0.3703543307621027,-0.0003142906380182,155.42918238146552,150.0,3.3030230517667696,-3.296482412060302
106,3.07942154668105,0.99,1.0,74.0,0.5,62.26954744391621,24.24291379727368,0.01310512800632085,2.7253312748043936,0.7540360873694207,0.011227415621653367,0.013268447769837273,4.81,40.79,complete_session,complete_session,64,1.5167930140161916,0.8241206030150753,0.3433835845896147,0.359756273731376,0.1791032064737146,-0.0308666728504879,96.10436179421164,210.0,1.0465023530350164,0.5036292573981015
107,0.4630511649216246,0.96,0.0,0.0,0.0002445959565322398,71.72916470479639,0.0,0.0004828985043473843,5.699895932321719,0.9102564102564102,0.0006366438815172229,0.0501419413815262,5.24,27.68,complete_session,complete_session,64,2.654222860638525,0.7142378559463987,0.233500837520938,0.3035232781917707,0.4311327202632759,-0.0540631601017309,170.4051949802103,135.0,1.648241206030151,0.0523251176517505
108,0.3352525447353161,0.94,1.0,4.0,0.00033783619061497297,44.07516553816204,1.7166334661354579,0.007123297259479425,5.076582291068926,0.8333333333333334,0.00013381506757660912,0.16474493908156204,1.29,11.25,complete_session,complete_session,65,7.241972264521977,0.6318257956448912,0.1510887772194304,0.251691785409222,1.1142761756110164,-0.1161421890567668,568.3062281994534,60.0,0.9156895589056384,-0.9156895589056384
109,8.354178294918688,0.97,0.0017125801607001945,1.0,0.0012801930414244767,134.2568032629186,0.7586393515938445,1.9760958235971932e-05,6.177475509939341,1.0,0.0,0.21828348710142004,0.59,5.43,complete_session,complete_session,65,5.203445695991824,0.4807370184254607,0.164824120603015,0.1429051662678883,1.0551073009722505,-0.016021399812801,285.50232892261124,60.0,0.91568955890564,-3.6627582356225568
110,0.03107432203160241,0.44,0.0,0.0,0.5,73.38485093289951,0.0,3.0225345888350245e-05,2.796665309959901,0.0,3.3343336334233605e-05,,,0.0,complete_session,complete_session,65,1.6491569304096008,0.796649916247906,0.2609715242881072,0.2584897324594046,0.4364259293890344,-0.0203798227726394,143.6367840834067,225.0,2.0145170295924064,-2.8451782723139503
111,3.276809141557848,0.99,1.0,139.0,0.5,54.32497783024607,42.4962974105912,0.029270128497895273,1.749066786790033,0.7613941018766756,0.004224230462934109,0.010548649356077794,5.8,67.37,complete_session,complete_session,64,1.3573684687191097,1.0438860971524289,0.4120603015075377,0.8207704436478556,0.1361766299224317,-0.084960473135269,94.60693750626002,225.0,0.7521735662439177,0.5799367206402382
112,5.233616096533826,0.99,1.0,195.0,0.5,87.73319070725171,27.783657413744656,0.0029924441810408827,4.495895382110349,0.9773333333333334,0.004994742376445847,0.11612175432056522,4.26,39.13,complete_session,complete_session,66,1.730921461982086,0.8653266331658291,0.2747068676716918,0.2825345703109589,0.2647438010189725,-0.0300643356979812,107.03191116317704,165.0,0.418600941214007,0.7791892519880282
113,0.20220192645915933,0.93,0.0,0.0,0.0005601353290283525,60.5333051242234,0.0,0.0008644357041432167,3.589770951108147,0.6515151515151515,0.000367475111912875,0.09079106093063459,4.74,24.73,complete_session,complete_session,67,3.4597437259356307,0.796649916247906,0.2884422110552764,0.311592762342712,0.4397815988179893,-0.0536053547515111,211.9749655455222,90.0,1.1903964265773312,-1.2819653824678954
114,0.3575735366171714,0.99,0.0,0.0,0.5,37.763625849743754,0.0,0.02625586168205173,2.105138043041607,0.042735042735042736,0.0018739751698289998,-0.000759860005254243,18.91,130.41,complete_session,complete_session,62,1.8574158014780031,0.2197654941373534,0.1510887772194304,0.3114961761426651,0.0935399260946379,-0.0181675050098689,107.97227464953718,120.0,0.3967988088591102,
115,1.587416422656647,0.99,1.0,31.0,0.5,65.74317727974781,10.63093674348926,0.003652333636145229,3.05839696512,0.911487758945386,0.0017985001187688758,0.05414617268489923,4.92,61.33,complete_session,complete_session,68,1.867504299104914,0.700502512562814,0.2747068676716918,0.3309709488206694,0.2961251440966436,-0.0348214963843632,118.17065725778666,165.0,1.0792055515673606,0.5232511765175082
116,3.3730957732050673,0.99,1.0,65.0,0.5,71.23285868141916,18.179059916053546,0.005140017886893266,2.629062511018583,0.9504600141542817,0.004022807569874418,0.029715572933005283,5.6,75.88,complete_session,complete_session,69,1.7700914848385507,0.7142378559463987,0.3433835845896147,0.3331578002730017,0.1965530436623379,-0.0110321974460587,108.2693392805044,120.0,0.4578447794528202,-0.7325516471245123
117,0.649497097111239,0.99,0.0,0.0,0.00017438175337674433,91.52714494146674,0.13911413170846026,0.00030302308213674557,8.477088573067224,0.9814814814814815,0.0004372687521022536,0.023119613771741807,1.47,14.98,complete_session,complete_session,69,5.495535826167783,0.7142378559463987,0.233500837520938,0.2809647824560015,0.7608783209820633,-0.0719925952147873,319.62536094644963,75.0,0.3662758235622561,0.0
118,0.3378785437802403,0.99,0.0,0.0,0.03153663132210708,67.26989613140303,0.0,0.0006424929770623322,5.700751994699252,0.9279279279279279,0.00020074274816822243,0.05414617268489923,4.02,34.64,complete_session,complete_session,70,3.4876917839983173,0.7829145728643215,0.2609715242881072,0.332146924954165,0.4760768688069778,-0.0733783124745395,214.0381175619333,135.0,1.517428411900774,-0.5494137353433838
119,0.7873620469697569,0.99,0.0,0.0,0.0001438479833302336,316.369056323775,0.0,0.0,14.82555386631174,0.9985443959243085,0.00010234367004400778,0.4242697399698061,1.78,12.32,complete_session,complete_session,72,8.507882832131523,0.7417085427135678,0.1785594639865995,0.236672521859976,1.2507141002563449,-0.1013253547464642,474.6992323133681,75.0,0.6409826912339482,0.9156895589056384
120,2.951185259987254,0.99,0.1848812353366543,11.0,0.00398508887163942,114.80691503765712,2.0844616567868814,0.00042646961163220003,5.427526685096081,0.9953333333333333,0.00023829949480507102,0.15403395271583512,4.78,44.75,complete_session,complete_session,73,3.832421217845946,0.7279731993299832,0.2335008375209381,0.2937424930105707,0.4901672405642809,-0.0522804074510871,206.3133904548107,150.0,0.9680146765573904,-3.715083353274309
121,2.1931468690191505,0.99,1.0,42.0,0.027088530813726402,83.07570814093704,9.776255801536122,0.0009884867348414208,4.066781577714008,0.9450292397660819,0.0019214273460284783,0.06783299752506622,2.88,32.45,complete_session,complete_session,73,3.1787715462230546,0.7829145728643216,0.2747068676716918,0.3124144554837658,0.3834564364213968,-0.0422878277897002,176.10851087068258,120.0,1.0541077480425385,0.6409826912339482
122,4.423495391174726,0.99,1.0,67.0,0.5,121.58508955726876,13.781528543571469,0.0010495009267606618,4.061364211276812,0.994,0.0026621829900518425,0.15273278377956725,7.0,58.89,complete_session,complete_session,76,1.803999706152037,0.6455611390284757,0.3296482412060302,0.3270310114859441,0.2133439846003299,-0.0166088334714346,99.2277890476231,165.0,0.6802265294727613,0.654063970646885
123,1.7541673620093303,0.99,0.3683215371287527,6.0,0.015305310115439324,81.97262945253998,1.304407963788142,0.0006877488186089774,4.699832974529176,0.9754028837998303,0.0007633322924256618,0.13230622355083677,2.91,27.95,complete_session,complete_session,81,2.772758881260305,0.8515912897822446,0.3159128978224456,0.3415778958303567,0.2070617490136879,-0.0156572669156072,114.3010774455463,225.0,2.7124209636772445,-2.4113158384515163
124,2.8619012924598333,0.99,1.0,60.0,0.28042684991150973,74.02526734698797,20.671531266239395,0.00795265516629385,3.292891892497148,0.8266666666666667,0.009344688904660515,0.01545357151551341,4.64,56.42,complete_session,complete_session,77,1.7067016068271958,0.7554438860971523,0.2884422110552764,0.3395817823345796,0.2030457924295707,-0.0262791868062,99.89529369986631,225.0,0.8406330376838659,0.924247405250552
125,1.399219824437083,0.99,0.06519609261300863,1.0,8.094542446390722e-05,79.10542516990394,0.3393530673044942,0.00148277455923126,5.344919030720827,0.928921568627451,0.0028782894736842104,0.06016625284704702,3.14,25.83,complete_session,complete_session,80,3.451231416462957,0.7005025125628142,0.2472361809045226,0.283966461370848,0.2684995669648501,-0.0254336079147783,108.67881774902344,195.0,-6.722483708367463e-19,1.292000336538094
126,1.6377480710176933,0.99,1.0,7.0,0.01984810377573927,52.524863757031916,1.3468294992372414,0.028345865221614888,3.9956562308627093,0.8991825613079019,0.001211114571438458,0.1568199200083783,8.35,79.23,complete_session,complete_session,84,4.137382078234733,0.7279731993299832,0.3021775544388608,0.3505413317684397,0.1712505772857609,-0.0248812212643637,81.93040505433694,225.0,1.2034777059902686,0.3329780214202326
127,25.143503188641223,0.99,0.009912707003378263,52.0,0.00426597579432485,483.7380854706742,2.679557316450945,0.004991435299273972,4.732298085217753,0.9973333333333333,0.05688282138794084,0.040100553951296906,1.94,13.32,complete_session,complete_session,84,3.580787818745769,0.4257956448911222,0.2060301507537689,0.344930127210641,0.1755485151825462,-0.0167448800359757,48.49631177669336,210.0,0.96801467655739,-1.2780127656668632
128,3.1144348672800386,0.99,0.16134928459639408,11.0,0.029442663392426648,102.16289886715398,1.8107133509756599,0.0004889711074149074,6.593724818536945,0.992,0.0013776476666092646,0.11663478261684353,5.85,44.83,complete_session,complete_session,84,2.601485115176553,0.8378559463986598,0.3021775544388609,0.3408653023530919,0.1195581631663264,-0.0132724469038732,75.13924930872543,225.0,0.7848767647762621,0.0665956042840467
129,0.35494753757224723,0.98,1.0,1.0,0.5,44.71781114457503,1.9582276952794881,0.029170168836609226,3.8964232296677457,0.5703703703703704,0.002993609149007736,0.03444504292641055,10.02,67.84,complete_session,complete_session,84,2.43953280333594,0.8241206030150753,0.3571189279731994,0.4436139590087083,0.0988585262186543,-0.0197994702329816,56.20916439484432,225.0,0.2616255882587538,1.5400233490685755
130,0.05864731200330595,0.67,0.0,0.0,0.5,67.76816046156296,0.0,0.00010079126458507658,5.050881515347592,0.6153846153846154,6.675344614665733e-05,-0.05246457670181137,,0.0,complete_session,complete_session,93,1.947556144748,0.6592964824120604,0.4120603015075377,2.4393588357403577,0.1655075030693807,-0.0084101965554725,91.51287932894124,225.0,3.662758235622554,2.256520698731754
131,8.331419636529345,0.99,1.0,639.0,0.5,,103.7416527776888,0.0,,,,0.03972282364723319,10.16,24.34,complete_session,complete_session,93,1.3849233769918832,0.9477386934673367,0.5219430485762144,1.6186868467781164,0.0933920931119583,-0.0231682458947417,70.98542542016807,225.0,-0.915689558905644,1.3964265773311004
132,18.84591981240563,0.99,1.0,955.0,0.5,,91.86250537730834,0.0,,,,0.03972282364723319,,0.0,complete_session,complete_session,93,1.4578817477330055,0.6455611390284756,0.3571189279731993,2.8955490562914856,0.1449078702341176,-0.0137705151616164,64.41032557735892,225.0,-0.9156895589056367,0.0948392757437983
133,7.3116566740838005,0.99,0.06698072116775411,28.0,0.3782186230641506,68.72166825037483,4.503309134138335,0.004002346659635157,4.981533458522476,0.9295659295659295,0.0030925327495743425,0.06019693349792352,3.09,31.49,complete_session,complete_session,6,1.5808482629016896,0.3708542713567838,0.164824120603015,0.2866767969385194,0.4847586640812356,-0.036146163341132,122.33730250190744,105.0,0.8241206030150756,0.3662758235622546
134,0.666566090903246,0.99,0.0,0.0,0.5,60.15841874821266,0.0,0.0014047709438736544,4.453464686542388,0.4215686274509804,0.001806140878988561,0.01966503471782759,10.13,105.89,complete_session,complete_session,9,1.9604144779691544,0.7829145728643216,0.2472361809045225,0.2686522400371454,0.2773068021801541,-0.0233391075014861,128.9607971671998,105.0,0.9941772353832656,-0.9156895589056404
135,7.94627310994047,0.99,0.04139686580956148,21.0,0.22262962944188452,89.86896770101208,3.9636668514010474,0.0007432494571348584,3.711163673814041,0.9753694581280788,0.0020498922937947327,0.10401202068122829,1.99,19.7,complete_session,complete_session,10,2.114679617313921,0.6867671691792295,0.2884422110552764,0.3030418423054972,0.3164561962579206,-0.04738287187494,161.0265117310081,105.0,0.5494137353433841,0.5494137353433831
136,2.5691023989507906,0.99,0.14864010734226507,7.0,0.5,60.5405156235168,5.278591228804117,0.006462854574997425,3.998167461457819,0.7584830339321357,0.0031526492423471983,0.036763898203700025,5.52,58.49,complete_session,complete_session,7,2.0760407733384927,0.5631490787269681,0.3021775544388609,0.3242536915825951,0.2816079079435806,-0.009042875535596,177.9308845122574,135.0,0.2943287867910986,-0.4578447794528201
137,1.8767139841057905,0.99,1.0,18.0,0.28968304803523415,57.01121565706871,5.884577942267529,0.005834289011299128,4.302474145487218,0.6597222222222222,0.0024232633279483036,0.022345010392171842,4.75,58.28,complete_session,complete_session,7,1.7578217744308695,0.6867671691792293,0.2884422110552764,0.3307257009527153,0.2868344240911621,-0.0370407284042321,145.01896215763404,135.0,0.9156895589056392,0.3662758235622554
138,15.028154867593408,0.99,0.034472976114098774,63.0,0.009949551229535294,127.58025558736178,7.189300723988312,0.0004150971753916541,4.172433384584413,0.99,0.0031135779071341544,-0.004579799122132783,1.09,10.59,complete_session,complete_session,17,2.6604629100244472,0.5906197654941373,0.3159128978224456,0.3010802096640809,0.4083853977359892,-0.0222598026266761,191.14507919901985,105.0,0.4578447794528202,-0.5494137353433841
139,0.1588729422179109,0.97,0.0,0.0,0.5,46.274539032244334,0.0,0.002213514390272619,4.223196517620073,0.1111111111111111,3.335334534053766e-05,-0.004579799122132783,6.14,7.73,complete_session,complete_session,17,2.149627779438572,0.6180904522613065,0.2747068676716918,0.389057121837955,0.4035193039850069,-0.0419397681758523,178.9881178170196,90.0,0.5494137353433831,-0.9156895589056392
140,2.255295513082355,0.99,0.0761800001721169,3.0,0.015500846021356872,85.53774245736535,1.4137002873461908,0.0001227419666075125,6.80666661486243,0.975177304964539,0.00023554747964196784,0.07242099539290268,2.77,23.94,complete_session,complete_session,17,3.068722542270235,0.7829145728643216,0.233500837520938,0.4559222466024087,0.5208941757159087,-0.0131824342166247,242.5205998981374,60.0,1.8313791178112784,-0.4578447794528201
141,0.13086228573872,0.78,0.0,0.0,0.2717188663790619,72.42988336304605,0.0,7.78856717522761e-05,3.4439825587893993,0.4444444444444444,0.00013341338136215063,,8.74,10.63,complete_session,complete_session,18,3.351534469539678,1.0438860971524289,0.3845896147403685,0.2998667262525165,0.2514817398640169,-0.018793917470454,243.23734551369145,105.0,1.556672250139587,-0.183137911781128
142,6.079625455506888,0.99,0.09646732559704468,27.0,0.09852271906109974,88.37152161101712,5.3061006214833855,0.0009504947939786143,3.795798453574187,0.9707602339181286,0.0014067593069137074,0.08013544593547074,2.37,28.91,complete_session,complete_session,22,2.0350743245132885,0.7142378559463987,0.2884422110552763,0.3009911626367623,0.3161317327636642,-0.0321801009618888,146.42905612726588,165.0,4.513041397463508,0.706389088298636
143,17.526355292331246,0.99,0.26797689692887516,505.0,0.004095794003728194,134.15047703211263,42.05049609825679,0.0029202044283955335,4.319413533267412,0.946,0.010331467929401636,0.04281557609036677,1.71,13.32,complete_session,complete_session,25,4.156911181867665,0.6455611390284757,0.2472361809045226,0.2697655384313133,0.67688274298526,-0.0626148679325897,285.116798924082,75.0,0.3662758235622561,0.0
144,7.654787215953889,0.99,0.016565024318440924,8.0,0.0011081412417379883,129.35658909198602,1.0390885013480229,0.0004160399691018942,6.5425512344708,0.9881796690307328,0.0011833907625909297,0.06566437435480862,1.64,17.44,complete_session,complete_session,25,3.598103210847045,0.83785594639866,0.096147403685092,0.3476318582728891,0.4630494055936693,-0.0184753576163067,215.96759435080696,45.0,0.45784477945282,0.0
145,3.5840510298139736,0.99,0.3093310570898791,23.0,0.5,77.96722811298993,12.341621603038499,0.0015140057809213173,4.471057569570453,0.9023569023569024,0.0007821533020472012,0.06566437435480862,2.27,28.19,complete_session,complete_session,25,2.8314199009609347,0.8378559463986599,0.2197654941373534,0.4954986125426022,0.4513050988962319,-0.0102159229853141,201.02700034340657,60.0,1.3735343383584604,0.4578447794528184
146,0.010066329672209232,0.21,0.0,0.0,0.5,36812657406960.0,1.0,,2.760035220128472,,0.0,,,0.0,complete_session,complete_session,25,2.0644455979011083,1.3048576214405356,0.3571189279731994,0.3414716352803502,0.2370596771141674,-0.0402785948071174,137.3291015625,225.0,0.8851665736087841,-0.8393820956635025
147,2.0600962507429936,0.99,0.028953353321856,1.0,0.012369739636900993,45.66692969883084,0.5531854881359517,0.015306037923604786,3.226500778431387,0.40707964601769914,0.00438285964734837,0.04281557609036677,2.37,26.33,complete_session,complete_session,25,3.24185056892331,0.7005025125628142,0.2747068676716918,0.2399622976095888,0.57087802348147,-0.026233045243698,254.6322573522094,195.0,0.2943287867910986,-3.4645161661687585
148,0.30986788730104936,0.98,1.0,1.0,0.5,49.722172168827065,3.1341301460823376,0.0018509970620136209,3.208454832590798,0.3137254901960784,0.0014691642458846707,0.014261679077918485,9.57,137.51,complete_session,complete_session,28,1.7802127272347423,0.7829145728643215,0.233500837520938,0.2524120994496317,0.4960577062741763,-0.0200673274386592,138.80756615245411,210.0,1.1446119486320494,0.2398234559038575
149,1.5309574431907778,0.99,0.11505377232471131,2.0,0.16099249080902756,80.56427670613317,0.6407473554059624,0.0006939416875690272,4.498587273960344,0.9224806201550387,0.002118216663304418,0.06583938220694581,2.94,35.55,complete_session,complete_session,28,1.578937216947364,0.8653266331658291,0.2884422110552764,0.2915677822171594,0.2430652228539303,-0.0223222730218376,114.88996233258928,180.0,1.0988274706867671,1.5152481986652842
150,2.1064889005366534,0.99,0.057033408272197494,2.0,0.0015627024152295907,89.04588146057871,0.6508926953421885,0.001058284737909253,5.505815697689639,0.8983050847457628,0.0018552249881940229,0.051776129289804,3.07,30.04,complete_session,complete_session,28,2.1732581646091225,0.7691792294807371,0.2884422110552764,0.3102945876216915,0.3657592596153271,-0.0366376099744884,162.2288150331808,90.0,1.2819653824678954,0.9156895589056396
151,10.32323991210431,0.99,0.08707759561762407,71.0,0.5,123.23083964336757,10.58458440605808,0.0001369199569806721,6.144906729810746,0.9926666666666667,0.001211861990305104,0.0473106198293305,2.61,26.16,complete_session,complete_session,30,2.215189261080816,0.2472361809045226,0.1373534338358458,0.3291061069498983,0.7647800438752487,-0.1036150680699285,174.03013708632693,120.0,0.811039323602138,0.3662758235622546
152,12.132990920564534,0.99,0.142778231135733,151.0,0.2781689779685817,142.99948948047358,23.77507743422878,0.00015561397323678698,4.6286480627521955,0.994,0.001014455997971088,0.059184269412519884,1.55,19.21,complete_session,complete_session,29,2.267608548476303,0.9477386934673366,0.2747068676716919,0.5347412486199927,0.2273019450097015,-0.0113480821538068,157.77218353856583,105.0,2.354630294328788,0.9156895589056384
153,2.427736117032374,0.99,0.06495293999199991,3.0,0.005306199479631775,62.05773145088554,0.5292050190044421,0.005046354901870141,5.6096152832670105,0.7333333333333333,0.0023302938196555216,0.05036238290679599,1.93,23.99,complete_session,complete_session,34,2.347845843784792,0.7691792294807371,0.2609715242881072,0.3042820925797657,0.3934908459613603,-0.0407826437667401,167.29653848184122,60.0,0.9156895589056384,0.9156895589056404
154,0.32387321554064485,0.99,0.0,0.0,0.5,47.144550154524644,0.0,0.006290004361393217,2.4624144629558544,0.1875,0.0003672542735042735,-0.004119596973079756,13.21,148.86,complete_session,complete_session,35,1.8616597481019368,0.5494137353433836,0.233500837520938,0.2822682717659877,0.5511031613233204,-0.0145819361843349,147.74322509765625,165.0,0.7194703677115737,0.1308127941293771
155,0.14355461445585338,0.85,0.0,0.0,0.5,42.08167036425963,0.0,0.003945301871786464,3.0213897164968606,0.16666666666666666,0.00040024014408645187,-0.010358846636135115,12.93,14.86,complete_session,complete_session,37,1.8480619834300425,0.6592964824120603,0.3433835845896147,0.4428329758163347,0.2267339280830085,-0.0532479013301342,136.62663901724466,135.0,0.6802265294727609,0.3662758235622554
156,0.2118305896238812,0.98,1.0,1.0,0.5,35.74492586084744,6.762583468941137,0.009334901954433606,3.2867083498666654,0.16666666666666666,0.0002669336002669336,-0.010358846636135115,10.11,51.99,complete_session,complete_session,41,1.9743565660392592,0.6730318257956449,0.3159128978224455,0.3343521291042118,0.2433637614566154,-0.0410709655682685,140.94202971655477,135.0,1.0988274706867671,0.4447635000398815
157,1.7834910180109833,0.99,0.0,0.0,6.350491337695035e-05,116.17369092062476,0.0,3.588756022833959e-05,8.449331481604535,0.9715447154471545,0.00043691604490152583,0.15061642518676838,1.54,15.68,complete_session,complete_session,40,4.357782945823552,0.6867671691792294,0.2060301507537689,0.3126156902725879,0.5904877648748149,-0.1005373896363086,299.06477664877303,60.0,0.4578447794528201,0.4578447794528184
158,2.087669240714697,0.99,0.028170898682881973,1.0,5.4252101050545795e-05,119.3096209605129,0.04785692285002523,1.4824911498529867e-05,7.7274337443165,0.9607843137254902,0.000538829393143396,0.11676833210227082,2.04,17.41,complete_session,complete_session,41,3.678066679081653,0.6867671691792293,0.1648241206030151,0.290062469908916,0.6823166192058093,-0.1061154295230166,234.2120156598041,90.0,0.9156895589056392,-9.889447236180905
159,5.7579405725036805,0.99,0.00361202837934943,1.0,0.001789797066929583,166.07636432642033,0.14735547548350317,0.00015521420471260872,9.052102362097484,0.9935483870967742,0.00027519779841761265,0.11198707615339767,2.55,15.15,complete_session,complete_session,42,4.845222912300534,0.6867671691792295,0.2197654941373534,0.2150915398876602,0.7532053476020977,-0.0503631459459868,289.0712656873338,75.0,0.9156895589056404,0.4578447794528184
160,1.2267792204870642,0.99,0.0,0.0,0.03133357572065904,85.98146889332456,0.0,0.00019767624128292524,5.039804232989218,0.9444444444444444,0.0005368767196832427,0.11198707615339767,3.18,35.54,complete_session,complete_session,42,3.080367370410577,0.7005025125628142,0.2197654941373534,0.3078185079715255,0.5069970788524077,-0.0653553865883704,211.64838005514707,90.0,1.2819653824678954,0.6409826912339482
161,1.7493530304269693,0.99,0.0,0.0,0.01617956382210413,95.1143791387233,0.0,0.00011769652178819546,6.054107272737868,0.9483568075117371,0.0002028809089064719,0.08822092707043439,2.83,34.67,complete_session,complete_session,46,3.157989858006913,0.83785594639866,0.233500837520938,0.2434347629059931,0.3426215768428344,-0.0273882986914989,197.31903076171875,60.0,0.9156895589056404,0.274706867671691
162,4.500524696492501,0.99,1.0,70.0,0.05755758029689896,94.67225544652068,9.680120753432298,0.001611111802808676,3.3635248765336887,0.9513704686118479,0.0027364993591742007,0.04367236788953644,1.94,22.36,complete_session,complete_session,46,2.9912584158195714,0.6592964824120603,0.2197654941373534,0.3323630081149037,0.4532510379606494,-0.0744884865600177,190.37256903826872,90.0,0.2747068676716921,0.5494137353433831
163,1.1834502362458157,0.99,0.09403814960848628,1.0,9.570359541830433e-05,70.08893997794941,0.2568035367469336,0.0015652881785021926,6.149347373321571,0.9587301587301588,0.000202122283981809,0.10613760955601477,2.36,25.11,complete_session,complete_session,48,3.89850777548798,0.6180904522613065,0.1785594639865995,0.2919153112798813,0.7372360295850641,-0.0880623926282353,256.48552668332525,90.0,0.9156895589056404,0.6409826912339471
164,4.695723958831863,0.99,0.06981014089237408,12.0,0.005407980469557117,92.55819344679472,4.148128766810438,0.0045487475630320165,3.325559183080637,0.9273333333333333,0.009699786088367633,0.05053150630085774,1.65,16.91,complete_session,complete_session,52,3.126117086487541,0.6318257956448912,0.2197654941373534,0.324132687203236,0.3977018153340603,-0.0569800238485557,179.7715171438749,90.0,0.8241206030150763,0.6409826912339468
165,2.1686375445998585,0.99,1.0,10.0,0.01976049303120913,61.41288557758669,1.6111670157856546,0.00862993894692825,4.027107869464083,0.8575380359612724,0.002971615944256584,0.05541999287268139,3.93,33.4,complete_session,complete_session,48,2.325611018806281,0.5906197654941374,0.233500837520938,0.3190886532723206,0.3011902213323587,-0.0419921238134092,163.71479669565147,75.0,0.0915689558905636,-0.4578447794528201
166,1.9852552779626553,0.99,0.14097241863525212,4.0,0.17563212517152765,81.31390751665752,0.7789531529056191,0.0005501750219274424,3.8821241244951237,0.9128787878787878,0.0016965255157437569,0.05541999287268139,5.2,53.95,complete_session,complete_session,50,2.079113324633084,0.6455611390284757,0.2609715242881072,0.3225259219033715,0.2322037085916232,-0.0479183339256384,128.00157857886495,105.0,0.6409826912339481,1.0072585147962028
167,0.856075688645272,0.99,0.0,0.0,0.5,68.63792948794108,0.0,0.0012057943476581137,4.337258769192235,0.8407960199004975,0.0024161884627000906,0.038821596842370416,6.33,81.95,complete_session,complete_session,51,2.2086674544192677,0.6455611390284757,0.2609715242881072,0.4099442904602459,0.2729484316618568,-0.0552303859723639,133.21640545117586,105.0,0.6409826912339479,0.5494137353433831
168,1.5602810991924307,0.99,0.42973841908727206,5.0,0.005229177587633997,82.85117369055595,1.0606589257362944,0.0012568938202756617,4.109814318827496,0.9303482587064676,0.0019049562880566044,0.07340406537082929,1.89,23.09,complete_session,complete_session,55,3.3758610142741627,0.5906197654941373,0.1922948073701842,0.281619293985525,0.6626987630813893,-0.0889676821774713,220.0225008977368,75.0,0.6409826912339481,0.4578447794528184
169,0.5715924587784894,0.99,0.0,0.0,0.5,68.06683912643595,0.5535305586165974,0.0013095920389220963,3.4948413884424365,0.7808219178082192,0.0028541687653201708,0.05628655430562428,7.59,74.06,complete_session,complete_session,55,2.1053030319729227,0.6180904522613065,0.2472361809045226,0.2779275290693568,0.3520310025087644,-0.0351234219021635,135.74480462767994,75.0,0.0,-0.45784477945282
170,1.6670717270193463,0.99,0.04495538855885467,1.0,0.006821383350978301,120.12067817078815,0.8194858821059289,3.6378900069278586e-05,5.603880535984661,0.993127147766323,0.0006458630770276702,0.16830746599567462,2.16,22.82,complete_session,complete_session,57,3.3401638902800945,0.5494137353433837,0.1922948073701842,0.2436289356658377,0.6852583436635048,-0.0663250194951419,235.67223724012985,105.0,4.212171970965941,-1.0988274706867671
171,0.7772957172975475,0.99,1.0,2.0,0.5,52.02521025725349,1.4342629482071716,0.0067873024070769375,3.0129598613280226,0.341991341991342,0.005173166717054654,0.013268447769837273,7.92,79.59,complete_session,complete_session,60,1.661035307763194,0.865326633165829,0.2884422110552763,0.3282505713918142,0.2230430609122688,-0.0308455828811397,99.3866104263443,150.0,0.183137911781128,0.915689558905639
172,2.0583455847130443,0.99,1.0,12.0,0.15141519525385028,62.469431894933926,3.695063623893907,0.008605195775495844,3.686018683970279,0.7560975609756098,0.0043559639271737284,0.03238188895888924,3.83,41.36,complete_session,complete_session,60,2.145508223078943,0.7142378559463987,0.2884422110552763,0.2923237924583497,0.301723698909708,-0.0235539841693372,135.08244351296827,135.0,0.5494137353433841,1.0203397942091403
173,1.6933317174685876,0.99,1.0,9.0,0.02469336684434617,71.72451626530916,2.2432515261200523,0.0027752213991814306,3.8071330177677782,0.9100204498977505,0.0020670258547660194,0.04949876062905091,4.24,33.36,complete_session,complete_session,61,3.146199328873698,0.7554438860971525,0.2472361809045226,0.2706255710000499,0.487126773619461,-0.0576966342989501,210.604391807367,90.0,1.0988274706867671,0.5494137353433831
174,0.4297885103525854,0.98,1.0,2.0,0.5,55.56887077961824,3.9921944873566964,0.0028347665318936392,2.4109052304879675,0.35772357723577236,0.0014727047561669511,0.01855130475800521,11.65,132.74,complete_session,complete_session,61,1.993351235687174,0.7554438860971524,0.2884422110552764,0.3120881062524188,0.3270016929883909,-0.0272588440784879,141.1632219302921,150.0,0.9156895589056396,0.5559543750498521
175,1.4635568010377247,0.99,1.0,13.0,0.0014058497976820016,76.35026542803789,2.160439323785937,0.0011951010365184105,6.235302063719318,0.9285714285714286,0.0005755298259868644,0.16063913785946562,2.54,27.97,complete_session,complete_session,60,4.059217936838076,0.6867671691792294,0.2060301507537688,0.3724452167639082,0.5170594241176497,-0.0935236420703016,237.1381914786745,60.0,-0.4578447794528184,-0.9156895589056404
176,0.7116457411744439,0.99,0.0,0.0,0.01362960842608223,88.6093034910901,0.0,5.826309526731012e-05,5.111799498622938,0.9380952380952381,0.00030211480362537764,0.09057853577068879,2.05,20.24,complete_session,complete_session,61,5.100568531530871,0.8790619765494136,0.2747068676716918,0.2755006207916598,0.4966302627043124,-0.0597380015220261,316.4969393834564,75.0,0.5494137353433834,0.0
177,1.37821183207769,0.99,1.0,14.0,0.02268044295490535,49.18915571442196,4.008722506424008,0.015685801671420394,3.052983113297991,0.6377777777777778,0.0026395939086294416,0.04268286763158637,3.29,39.64,complete_session,complete_session,63,2.4135433282834824,0.7554438860971525,0.233500837520938,0.2427259443033012,0.388254041802429,-0.0305978240395166,164.36020129828285,90.0,0.3662758235622557,-0.6409826912339482
178,0.43460284193494636,0.96,1.0,1.0,0.0002606067693968766,74.73300274317617,0.5205493814216817,0.0003304867695054585,7.928051559153774,0.9659863945578231,0.00013398988376377583,0.15225368500292874,2.78,18.77,complete_session,complete_session,64,3.863074087426807,0.7005025125628142,0.2747068676716919,0.3036396097437781,0.6367395765930765,-0.0550382172233561,264.17450842420385,105.0,1.373534338358459,0.3662758235622557
179,0.4468575041445924,0.98,1.0,3.0,0.06282648293856306,59.71420880709353,1.1378263171091858,0.0023519517133576235,3.537466511077121,0.5866666666666667,0.001340033500837521,0.024798754331703334,5.08,57.43,complete_session,complete_session,64,2.172220822922383,0.6592964824120603,0.2060301507537688,0.3311596586997602,0.3719055159844688,-0.0580163728834799,140.24051434839777,135.0,1.3408311398261146,0.0915689558905636
180,1.4521774718430533,0.99,0.0,0.0,7.799352682673362e-05,331.1134871928863,1.007384517813589,1.8458451983587634e-05,12.928225312099734,0.9978902953586498,0.0002370791844476055,0.16474493908156204,1.0,6.29,complete_session,complete_session,65,9.628524468445836,0.6180904522613065,0.164824120603015,0.2319621957416441,1.7145985635736771,-0.1567421174257346,642.188198595162,60.0,0.45784477945282,0.0
181,3.806823282125039,0.99,0.0,0.0,0.0005413295230302718,163.0779668951194,0.0,2.103689029830406e-05,8.693627681122983,0.9968102073365231,0.0004870242816391846,0.09079106093063459,1.1,9.02,complete_session,complete_session,67,5.740468576749993,0.7142378559463987,0.1922948073701842,0.2886186149702894,0.8003583705122301,-0.1006709712050711,335.90874972733,60.0,0.45784477945282,-0.4578447794528201
182,12.468681131807339,0.99,0.005401610158241699,7.0,0.07034144190521023,149.17839854280624,0.8164009104496158,0.000558522657280262,4.921071149499275,0.992,0.00744047619047619,-0.000759860005254243,3.05,29.0,complete_session,complete_session,67,2.419619665143375,0.1785594639865997,0.0824120603015075,0.4585971243043013,0.4776999767512137,-0.1599628013249906,138.46148066942715,105.0,1.0465023530350166,-0.45784477945282
183,0.6245501061844597,0.99,1.0,5.0,0.02702069659860924,70.29364785700734,4.187802361980648,0.0013240592415502295,5.788154012013378,0.9573643410852714,0.00016811243359558873,0.0958793000404259,2.78,29.69,complete_session,complete_session,68,2.656820950421828,0.5906197654941373,0.2060301507537689,0.2910871989534473,0.4556785570502554,-0.0615004040566721,167.82851446242563,165.0,1.569753529552525,0.3662758235622554
184,1.1908905668731007,0.99,1.0,5.0,0.009865638118617112,83.21816311460739,2.476771297936549,0.0009291756798787546,5.316907424524665,0.9538152610441767,0.0004067520846044336,0.023119613771741807,2.73,29.77,complete_session,complete_session,69,3.679949025445294,0.6867671691792295,0.2197654941373534,0.2618653420352182,0.57823947552959,-0.0636970201376183,243.40712642985116,75.0,0.274706867671692,-0.91568955890564
185,0.5562741310164319,0.99,0.0,0.0,0.00020360544611416374,156.24263338162945,0.0,1.894277808964613e-05,11.268570736764879,0.9354838709677419,0.00013416515730864696,0.15321186044640045,2.29,18.71,complete_session,complete_session,70,5.598430537107864,0.7279731993299832,0.1922948073701842,0.2676245153208031,0.7824961014985358,-0.0808265361816155,324.86825619103774,90.0,0.3662758235622561,0.6409826912339471
186,1.5292067771608284,0.99,1.0,8.0,0.012714994823461213,77.68357807323318,2.599499295069954,0.002138638756862653,6.602869688479943,0.914572864321608,0.0007822331054654287,0.06783299752506622,1.95,18.74,complete_session,complete_session,73,3.60111133200773,0.6592964824120603,0.2197654941373534,0.2888229708788858,0.5300691888636473,-0.0610884041035145,220.8823197493564,105.0,0.5494137353433839,-1.0988274706867671
187,1.5331457757282145,0.99,1.0,18.0,0.01404988969067286,98.33502380402268,4.3647147142469995,0.00019076227536786604,7.432844158140186,0.9922254616132167,0.0004142073107590349,0.13230622355083677,3.65,23.63,complete_session,complete_session,81,3.508863610244289,0.7142378559463985,0.3708542713567839,0.387180084754997,0.0795542182477071,-0.0158457321365468,42.44068441870006,225.0,2.813422992579645,2.10608598548297
188,0.8074947063141753,0.99,1.0,4.0,0.5,55.64481480351259,9.50508311581261,0.007455378668491293,2.5008602318858513,0.38095238095238093,0.008051693223722048,0.01545357151551341,10.25,128.72,complete_session,complete_session,80,1.2761028099941167,1.0026800670016751,0.398324958123953,0.4594905800479398,0.0564836173356934,-0.0190918732096583,44.043841625474,225.0,1.9403897795857592,1.1140889633351945
189,0.4954384864756891,0.99,0.0,0.0,0.00022860646820766872,65.18442357849074,0.0,0.001693840146725891,6.88771636119595,0.8819444444444444,0.000639472267097469,0.06016625284704702,2.58,24.59,complete_session,complete_session,80,4.585404950112992,0.8241206030150753,0.2472361809045225,0.3040831827089711,0.329964888743042,-0.0504017741505357,140.36064013154262,195.0,-2.957892831681684e-18,2.621631750839433
190,0.26960256861221243,0.98,1.0,1.0,0.5,51.02110353954969,6.135458167330677,0.005981488522145306,3.1136492494919814,0.3781094527363184,0.0031209100976542837,0.04524152364093905,16.46,121.89,complete_session,complete_session,84,1.3320687127304474,0.8378559463986598,0.4257956448911222,0.6268042479140254,0.1027490676483628,-0.0295112428620588,67.14114895114652,225.0,0.4970886176916327,-0.2247601644586568
191,0.40790518497821754,0.99,1.0,1.0,0.5,48.02897339474122,1.547144754316069,0.01777197885829056,3.1826546883965032,0.31683168316831684,0.003838771593090211,0.03444504292641055,13.44,161.62,complete_session,complete_session,84,1.8611740523000624,0.8927973199329983,0.3708542713567838,0.4860377855848808,0.1212242394578775,-0.0362168466240745,64.42909077001744,225.0,0.4447635000398815,2.3891173036901683
192,6.612265595119003,0.99,0.05793805935015128,20.0,0.1882982343603171,108.96456193199025,4.727060345007405,0.0016041214982801708,6.333817782400751,0.9213372664700098,0.003795328295897595,0.01966503471782759,6.28,37.87,complete_session,complete_session,9,2.2672241593362847,0.6592964824120603,0.1510887772194304,0.168343172319299,0.5424989548159821,-0.026292005880285,167.63515573330028,30.0,0.0,0.0
193,0.0166313272845196,0.35,0.0,0.0,0.5,115363740835968.0,1.0,,4.29658724111109,,0.0,,,0.0,complete_session,complete_session,11,1.764134585721049,0.769179229480737,0.2747068676716919,0.3975786950018039,0.2244263422957083,-0.0124843705008776,141.8665835731908,210.0,1.071079302235081,2.171492382547659
194,0.09147230006485779,0.81,0.0,0.0,0.5,28.60413128347219,0.0,0.01340968708322393,3.411642529051745,0.0,0.00013338668800853674,-0.03740179398258573,4.54,0.0,complete_session,complete_session,16,2.0802267380690287,0.8241206030150753,0.3433835845896147,0.3053534737429981,0.3467977162066967,-0.0177832172064597,194.98396147951556,120.0,1.3342905001196457,0.6409826912339482
195,0.9492986547400792,0.99,0.0,0.0,0.2308488130269627,67.02968545866806,0.0,0.0008645725756306171,3.89185470844119,0.6808510638297872,0.0004688703573461938,0.07099534171185087,4.81,53.1,complete_session,complete_session,35,2.621539732555733,0.6043551088777218,0.233500837520938,0.3411320003270124,0.5355137123899752,-0.0695676499819011,192.41797313980376,120.0,1.3735343383584588,0.0
196,6.175036754139132,0.99,0.04591736267565677,14.0,0.012505351592957202,97.39670388334739,1.9159382262045823,0.00028557215596225645,3.5035497826598636,0.9728813559322034,0.002438605529795638,0.026329837029926334,3.03,25.64,complete_session,complete_session,37,2.112281526887763,0.6867671691792293,0.2884422110552764,0.3656662364297727,0.2267852429859292,-0.0558534111023683,131.93420345294234,90.0,1.2819653824678947,0.0
197,3.0312782308574406,0.99,1.0,45.0,0.5,74.99146262712826,12.488777619393794,0.0040812304931650886,3.8411332200040897,0.8152777777777778,0.007684426229508197,0.037409164930313266,4.05,42.93,complete_session,complete_session,51,2.2809311145855657,0.5631490787269681,0.2335008375209381,0.3421771709229754,0.3661109126231284,-0.0434509774136329,149.08992882930872,135.0,1.0072585147962037,-2.7470686767169177
198,0.5785951228982871,0.98,0.0,0.0,0.030590640224096327,63.952671237607355,1.5912182087360527,0.001920589509697011,6.024803200273201,0.8963963963963963,0.0009738733293035126,0.014782372684561474,2.14,21.82,complete_session,complete_session,55,3.529453510430125,0.5768844221105527,0.1785594639865995,0.291070251086723,0.8379922684510309,-0.0366963393715261,285.23316722413955,60.0,0.9156895589056384,-0.9156895589056384
199,0.7072690760995703,0.99,1.0,5.0,0.07840051836883116,59.39795274669195,1.7785212740199425,0.0037871188308081626,4.239364731218873,0.675,0.00114247311827957,0.024798754331703334,4.55,43.58,complete_session,complete_session,64,2.69377868574748,0.7142378559463987,0.2609715242881072,0.3305098170826099,0.3964771722699239,-0.0632827658566154,166.9033919230546,105.0,0.7325516471245123,-0.6409826912339481
200,0.3536345380497852,0.99,0.0,0.0,0.00874576737696509,29.586451577749212,0.0,0.20983369488134807,1.9605060981510585,0.10727969348659004,0.0033625878476075187,0.040100553951296906,7.62,72.96,complete_session,complete_session,84,2.7319177786796054,0.9202680067001676,0.2884422110552764,0.4568568817596641,0.176735216726972,-0.0453808359613026,80.68556832795096,225.0,0.7063890882986357,2.114410436018476
